{
	"title": "GTP.operation.title",
	"container": { 
			"leftSegment":{
				"components": [
					{
                        "label": "GTP.operation.Picking",
						"type": "Picking",
						"query": "",
						"components": [
							{
								"label": "GTP.operation.Progress",
								"type": "Progress",
								"query": "",
								"options": {
									"color": "#d0021b"
								}
							},
							{
								"label": "GTP.operation.Time",
								"type": "Time",
								"query": "",
								"options": {
									"color": "#f8e71c"
								}
							},
							{
								"label": "GTP.operation.Total",
								"type": "Total",
								"query": ""
							},
							{
								"label": "GTP.operation.Productivity",
								"type": "Productivity",
								"goal": 9999,
								"query": "",
								"options": {
									"width": 120,
									"segments": 20,
									"textColor": "#000000",
									"segmentColors": ["#d0021b", "#f8e71c", "#000000"],
									"segmentPercentage": [25, 25, 50 ],
									"barWidth":12
								}
							},
							{
								"label": "GTP.operation.Bin Status",
								"type": "Total",
								"query": ""
							},
							{
								"label": "GTP.operation.Others",
								"type": "Total",
								"query": ""
							}
						]
					},
					{
                        "label": "GTP.operation.Consolidation",
                        "type": "Consolidation",
                        "query": "",
						"components": [
							{
								"label": "GTP.operation.Progress",
								"type": "Progress",
								"query": "",
								"options": {
									"color": "primary"
								}
							},
							{
								"label": "GTP.operation.Time",
								"type": "Time",
								"query": "",
								"options": {
									"color": "primary"
								}
								
							},
							{
								"label": "GTP.operation.Total",
								"type": "Total",
								"query": ""
							},
							{
								"label": "GTP.operation.Productivity",
								"type": "Productivity",
								"goal": 9999,
								"query": "",
								"options": {
									"width": 120,
									"segments": 20,
									"textColor": "#000000",
									"segmentColors": ["#d0021b", "#f8e71c", "#000000"],
									"segmentPercentage": [25, 25, 50 ],
									"barWidth":12
								}
								
							},
							{
								"label": "GTP.operation.Bin Status",
								"type": "Total",
								"query": ""
							},
							{
								"label": "GTP.operation.Others",
								"type": "Total",
								"query": ""
							}
						]
					},
					{
                        "label": "GTP.operation.Decanting",
                        "type": "Decanting",
                        "query": "",
						"components": [
							{
								"label": "GTP.operation.Progress",
								"type": "Progress",
								"query": "",
								"options": {
									"color": "primary"
								}
							},
							{
								"label": "GTP.operation.Time",
								"type": "Time",
								"query": "",
								"options": {
									"color": "primary"
								}
								
							},
							{
								"label": "GTP.operation.Total",
								"type": "Total",
								"query": ""
							},
							{
								"label": "GTP.operation.Productivity",
								"type": "Productivity",
								"goal": 9999,
								"query": "",
								"options": {
									"width": 120,
									"segments": 20,
									"textColor": "#000000",
									"segmentColors": ["#d0021b", "#f8e71c", "#000000"],
									"segmentPercentage": [45, 25, 30 ],
									"barWidth":12
								}
								
							},
							{
								"label": "GTP.operation.Bin Status",
								"type": "Total",
								"query": ""
							},
							{
								"label": "GTP.operation.Others",
								"type": "Total",
								"query": ""
							}
						]
					},
					{
                        "label": "GTP.operation.Cycle Count",
                        "type": "Cycle Count",
                        "query": "",
						"components": [
							{
								"label": "GTP.operation.Progress",
								"type": "Progress",
								"query": "",
								"options": {
									"color": "primary"
								}
							},
							{
								"label": "GTP.operation.Time",
								"type": "Time",
								"query": "",
								"options": {
									"color": "primary"
								}
								
							},
							{
								"label": "GTP.operation.Total",
								"type": "Total",
								"query": ""
							},
							{
								"label": "GTP.operation.Productivity",
								"type": "Productivity",
								"goal": 9999,
								"query": "",
								"options": {
									"width": 120,
									"segments": 20,
									"textColor": "#000000",
									"segmentColors": ["#d0021b", "#f8e71c", "#000000"],
									"segmentPercentage": [30, 45, 25 ],
									"barWidth":12
								}
							},
							{
								"label": "GTP.operation.Bin Status",
								"type": "Total",
								"query": ""
							},
							{
								"label": "GTP.operation.Others",
								"type": "Total",
								"query": ""
							}
						]
					}						
                ]
			},
			"rightSegment":{
				"components": []
			}			
		}
}



