{
	"title": "GTP.overallWork",
	"container": { 
			"leftSegment":{
				"components": [
					{
                        "label": " GTP.overallWork.Productivity",
                        "type": "SegArcGauge",
                        "options": {
                            "float": "left",
                            "componentWidth": "33",
                            "query": "",
                            "width": 120,
                            "segments": 20,
							"textColor": "#000000",
							"segmentColors": ["#d0021b", "#f8e71c", "#000000"],
							"segmentPercentage": [35, 15, 50 ],
							"barWidth":12
                        }
                    }						
                ]
			},
			"rightSegment":{
				"components": [
					{
						"label": "GTP.overallWork.StationStatus",
						"component": [{
							"label": "GTP.overallWork.Total",
							"query": ""
						},
						{
							"label": "GTP.overallWork.Active",
							"query": ""
						},
						{
							"label": "GTP.overallWork.Inactive",
							"query": ""
						}]					
					},
					{
						"label": "GTP.overallWork.BinStatus",
						"component":[{
							"label": "GTP.overallWork.Processed",
							"query": ""
						},
						{
							"label": "GTP.overallWork.Process Rate",
							"query": ""
						}]					
					}
				]
			}			
		}
}



